"Model","item","Qantity","price","link to buy"
"goggle-holder","Pla+ filament","250gram","2$","https://india.numakers.com/products/pla-filament"
"watch-holder","Pla+ filament","35gram","0.2$","https://india.numakers.com/products/pla-filament"
"Mobile-holder","Pla+ filament","160gram","1.3$","https://india.numakers.com/products/pla-filament"
"cup-holder","Pla+ filament","96gram","1$","https://india.numakers.com/products/pla-filament"
"key-holder","Pla+ filament","94gram","1$","https://india.numakers.com/products/pla-filament"
"rack-holder","Pla+ filament","110gram","1.1$","https://india.numakers.com/products/pla-filament"
"remote-holder","Pla+ filament","173gram","1.3$","https://india.numakers.com/products/pla-filament"
"brush-holder","Pla+ filament","35gram","0.2$","https://india.numakers.com/products/pla-filament"
"Total","Pla+ filament","953gram","8$","https://india.numakers.com/products/pla-filament"
